Extrême gauche,Gauche,Droite,Extrême droite,Importance Chômage,Importance Pouvoir d’achat 1,Importance Pouvoir d’achat 2
0.6666666666666666,0.3333333333333333,0.6666666666666666,1.0,0.3411140623013313,0.30456653465639905,0.35431940304226955
