Prédiction Extrême gauche,Prédiction Gauche,Prédiction Droite,Prédiction Extrême droite,Valeur Réelle Extrême gauche,Valeur Réelle Gauche,Valeur Réelle Droite,Valeur Réelle Extrême droite
15.064078205281556,35.56322377513433,32.907540442241064,16.465157577343014,12.633576350744033,28.727947785525878,40.341085999964754,18.29738986376534
20.71629654622645,18.414605680967682,55.73624987100402,5.132847901801839,1.376154233134808,36.25793154930949,47.15032213044255,15.215592087113158
15.839606132475359,35.31639280119,34.0793388000897,14.764662266244914,27.372527009962116,7.007717132033113,47.41686544127964,18.20289041672513
